id;name;description
1;systematic Money Market Account;SMTP Hat synthesize
2;Pound Sterling Quality;Cambridgeshire matrices
3;Isle;array
4;Profound;hacking Alabama
5;Configuration;Money Market Account
6;parse Associate European Unit of Account 17(E.U.A.-17);Maine
7;open-source Palau;calculate transmitting
8;back-end Credit Card Account;Bond Markets Units European Composite Unit (EURCO) cross-platform El Salvador Colon US Dollar
9;Usability Outdoors;Investment Account Associate
10;synthesize Upgradable;Mandatory quantifying envisioneer
