id;name;description;content
1;Car;Engineer throughput Accountability;USB
2;Borders Home Loan Account;Reduced;Road Avon
3;Unions Avon;local area network;eyeballs
4;deliverables multi-byte;Holy See (Vatican City State) Grocery wireless;Buckinghamshire 5th generation feed
5;Valleys intranet target;Producer payment seize;Rustic Chair Djibouti
6;JSON User-friendly Austria;Kroon attitude Tunnel;Salad XSS
7;Checking Account Light;supply-chains synthesizing Intelligent Plastic Gloves;Pataca Plastic withdrawal
8;Reverse-engineered Product orange;Bedfordshire;synergize analyzing approach
9;Libyan Arab Jamahiriya;Health RSS;Identity
10;Clothing driver Bike;Handmade Cotton Bacon matrix;Planner Reduced
